Date,Beverages_Carbonated non-alcoholic,Beverages_Fruit drinks and non-carbonated sugary,Beverages_Other,Beverages_Water,"Commercially prepared items_Not sweet canned (soups, sauces, etc)","Commercially prepared items_Not sweet frozen (pizzas, french fries, fish sticks, and entrees)",Commercially prepared items_Not sweet packaged/Meals and sides,Commercially prepared items_Not sweet packaged/Snacks,Commercially prepared items_Other,Commercially prepared items_Regular meat fresh/frozen,"Commercially prepared items_Sweet frozen (ice cream, frozen desserts)","Commercially prepared items_Sweet mixes (pancake, muffin, and cake mixes)","Commercially prepared items_Sweet packaged (cookies, candy bars, granola bars, and other sweet bars)",Commercially prepared items_Sweet ready-to-eat (bakery items),Dairy_Cheese,Dairy_Other,Dairy_Regular-fat milk,Dairy_Yogurt and other,Fats and oils_Oils,Fats and oils_Solids,Fruits_Fruit juice,Fruits_Whole canned,Fruits_Whole fresh/frozen,Grains_Flour and mixes,Grains_Frozen/ready to cook,Grains_Not sweet packaged/Meals and sides,Grains_Other,"Grains_Packaged (bread, rolls, pita, tortilla, rice, pasta, cereal)","Meats, eggs, and nuts_Eggs","Meats, eggs, and nuts_Fish fresh/frozen","Meats, eggs, and nuts_Nuts and seeds processed/nut butters","Meats, eggs, and nuts_Nuts and seeds raw","Meats, eggs, and nuts_Other","Meats, eggs, and nuts_Poultry fresh/frozen","Meats, eggs, and nuts_Regular meat canned","Meats, eggs, and nuts_Regular meat fresh/frozen",Sugar and sweeteners_Raw,Vegetables_Dark green canned,Vegetables_Dark green fresh/frozen,Vegetables_Legumes canned,Vegetables_Legumes fresh/frozen,"Vegetables_Not sweet canned (soups, sauces, etc)",Vegetables_Orange canned,Vegetables_Orange fresh/frozen,Vegetables_Other,Vegetables_Other-mostly water canned,Vegetables_Other-mostly water fresh/frozen,Vegetables_Other-nutrient-dense canned,Vegetables_Other-nutrient-dense fresh/frozen,Vegetables_Starchy canned,Vegetables_Starchy fresh/frozen
2019-10-06,734.17864,727.030527,227.124765,357.631969,223.285979,448.229308,842.327803,842.526069,151.724973,0.802735,142.285374,85.137175,930.087629,355.008853,422.318241,316.561973,8.636571,273.00461,66.70952,88.740914,82.133949,68.909886,577.157834,20.915365,25.262771,37.122089,60.507509,427.649133,105.953814,188.507223,43.831552,121.645955,62.797497,467.404489,23.597542,1174.347746,58.204771,0.587531,196.622211,40.496041,31.962308,8.346994,1.039801,55.083387,107.817856,53.033503,137.202168,30.645016,119.872549,25.602688,70.085499
2019-10-13,719.186909,700.973291,229.085425,336.660187,225.73721,456.371331,857.836857,851.590064,147.544809,0.776581,141.662648,89.967547,971.923652,364.000616,427.827901,318.815779,9.425515,273.76633,66.678435,89.513696,81.339908,69.299944,557.670882,21.857875,25.987032,38.38215,62.855124,431.367848,106.69734,189.302504,44.829078,123.482057,62.408679,477.284168,24.264877,1193.522025,58.49682,0.581648,191.303104,43.787561,32.382855,8.143279,1.10303,60.754533,109.440719,53.383445,138.393695,35.84479,119.76437,27.024555,71.487568
2019-10-20,693.713502,679.5109,225.536381,322.437284,216.795462,441.624389,840.160274,833.508008,140.520267,0.789422,136.237353,90.711031,999.373619,360.654958,418.198203,315.53653,9.390607,267.775311,63.582942,89.292232,80.941427,67.562016,544.301027,21.705681,25.60689,36.448927,60.007231,420.976054,104.81757,178.325045,42.709964,123.059236,59.606635,459.333202,22.368926,1150.055713,57.111305,0.540863,191.000891,42.149396,32.334565,8.026642,1.08119,66.838417,107.817941,51.479569,136.107156,34.810333,117.353533,26.205792,68.591647
2019-10-27,691.980674,666.855406,220.972588,318.507702,212.006871,427.75508,838.232696,819.705865,134.571101,0.731799,133.295014,93.6119,1059.497034,358.07204,413.390753,314.512941,9.615372,265.294321,60.13343,88.753278,79.108944,67.085505,538.421292,21.210681,24.921676,35.50577,58.3192,417.21375,102.617092,170.415984,42.846731,121.127243,57.722,451.675226,21.267016,1107.459125,56.06105,0.513976,188.549385,41.382395,31.665735,7.970611,1.043925,76.776657,105.836812,50.576169,135.519151,34.659633,117.468407,25.773849,67.434855
2019-11-03,690.810993,655.140778,231.814347,308.91802,216.702714,432.901229,863.072606,818.043034,128.233598,0.756709,124.927097,96.778058,1312.377185,361.527899,419.744608,318.217358,10.475329,267.981765,61.619667,92.329665,80.51233,68.370333,525.355516,22.021855,25.97763,35.976421,59.601439,420.102477,104.07708,170.169299,41.87005,122.259926,58.783827,455.088703,21.858813,1124.843014,57.855915,0.54867,188.91491,43.771871,32.196902,8.132868,1.117991,59.535944,108.696727,51.479468,136.574439,37.416468,118.274324,28.62723,68.20038
2019-11-10,699.57357,667.926783,243.412111,315.112147,228.254233,460.266704,900.418174,809.35514,133.868664,0.746796,132.155445,99.703397,843.976968,354.026609,436.402491,328.386784,12.137496,275.580674,69.415475,103.337515,81.185449,75.433682,531.206245,24.604911,28.386236,39.195219,64.557387,430.071862,109.641699,183.108803,44.629221,130.417191,62.805276,509.039448,23.809675,1185.073272,63.517777,0.609507,192.123023,43.887899,33.896508,8.217987,1.2805,40.120821,112.948422,54.110801,139.700503,36.645334,121.782736,36.398293,72.206966
2019-11-17,685.69589,649.107734,241.814864,300.958865,227.469153,448.296289,903.234051,805.979726,136.292669,0.689015,142.60053,112.184494,863.027068,364.244467,435.436668,333.149736,14.614648,276.146597,68.510417,111.103719,80.701305,80.384406,521.600597,25.917409,29.702648,38.87444,63.612818,430.013727,112.193177,177.982756,43.903931,134.475651,60.293943,536.742488,22.924071,1158.888102,66.411569,0.61807,189.570461,42.93035,34.50202,8.000654,1.328363,41.921596,112.575832,54.385117,139.093646,35.878988,119.185509,42.42538,72.871396
2019-11-24,738.198283,665.640334,248.499403,306.260169,252.512329,425.728497,965.586788,813.494857,160.193808,0.687731,174.377407,153.737214,907.093399,405.210939,489.682401,343.519148,25.715432,299.601631,81.796952,153.090353,85.892638,101.655628,545.577719,33.458891,36.763811,40.462124,62.824899,469.9362,127.662444,183.196373,43.820302,158.77816,58.120233,660.591336,21.782838,1206.128291,84.121969,0.589268,189.398772,39.553407,41.648373,8.256597,1.273651,56.206807,125.354928,64.87973,161.286968,31.568945,125.315113,60.225174,92.834779
2019-12-01,741.333614,647.085786,233.688064,291.838808,251.523747,366.37629,878.173532,752.965617,168.415959,0.6477,179.43927,171.625395,885.925864,448.217925,508.157907,350.802779,33.042288,298.751718,92.43162,164.060009,90.599576,101.979596,525.955211,35.162654,36.50652,39.39528,55.729407,484.529212,139.246955,177.393992,39.461988,160.704449,48.546434,543.815422,18.918511,1115.270158,93.646744,0.468123,170.295642,34.097709,43.816232,7.348728,0.999104,58.42137,126.091496,66.299193,168.901694,26.12942,127.647632,62.625611,97.387314
2019-12-08,666.725304,644.040155,247.535482,295.512203,206.012619,459.966251,842.937155,805.469092,119.975243,0.704192,118.749875,125.776246,1028.701432,354.599738,411.871338,333.119103,12.633841,264.21152,59.731335,98.15071,80.843722,71.05888,507.777485,25.112476,26.005254,36.849588,58.318878,420.603319,118.826516,177.410112,45.290745,134.786604,57.973203,443.231957,21.762525,1101.276884,68.14157,0.560042,179.605709,37.225175,31.316719,7.26806,1.049279,34.251052,106.466776,50.234022,123.322275,31.322672,113.210977,26.097811,58.126483
2019-12-15,694.032659,660.615745,252.882823,298.170733,221.02683,466.103766,880.843416,839.878832,127.097486,0.647827,127.385444,165.216303,1156.72851,387.717799,447.76326,337.355945,16.207489,268.07416,64.155471,119.51418,85.722317,75.390946,514.348226,29.168229,28.387501,38.869719,60.87847,432.435113,122.794143,198.389818,48.360445,154.581583,59.09259,456.09062,23.374864,1206.83737,78.1977,0.601093,180.243263,38.867106,32.469924,7.538999,1.121936,34.442161,112.352957,54.323652,124.8617,33.135876,116.031223,29.659702,62.918404
2019-12-22,762.35686,692.297966,265.867286,300.113657,261.400091,434.907465,942.139285,880.336333,144.413006,0.751832,147.487695,222.032692,1339.11934,456.34879,561.18509,361.591873,24.677469,290.999368,73.764687,158.269079,96.705141,85.946943,554.270071,38.052183,39.361103,42.873616,60.607998,497.984549,143.777671,264.582846,48.380015,180.160998,58.035504,473.936355,23.346633,1519.882129,95.171413,0.554189,187.989082,40.366467,39.462236,8.756708,1.05897,44.226895,136.512784,69.790081,148.249343,37.347686,134.137805,39.602904,87.87658
2019-12-29,735.158144,648.87878,228.003776,288.964292,250.400455,377.141775,809.258364,769.766219,137.022404,0.818121,137.035065,146.246041,1049.550892,363.159635,516.371186,338.417998,19.778033,257.238858,67.526073,119.724649,93.589589,70.085671,506.410685,28.492281,34.425808,38.650593,53.587207,462.612738,136.608587,282.611914,34.741855,136.693916,48.908226,411.104931,19.459109,1331.289762,70.072943,0.472769,179.131643,37.665653,40.834181,8.412326,0.830661,40.894638,127.864897,64.828423,144.554116,32.417524,133.928266,34.35721,84.175442
2020-01-05,676.833277,637.075375,234.503835,307.78833,250.057583,460.874989,845.428587,788.536471,130.101909,0.815521,127.341289,78.621929,772.990844,306.736953,452.003117,333.417192,9.765993,268.226228,67.568755,84.449584,95.592476,68.4561,552.681271,21.126125,27.018795,39.179484,62.848069,429.204686,128.938675,250.13882,41.204442,110.978501,64.153637,493.37351,22.368023,1191.646452,56.115245,0.655033,205.027282,43.185486,40.085444,9.439702,1.054095,40.163633,125.073673,59.321757,149.154039,35.606889,144.019954,25.293437,71.326772
2020-01-12,664.864759,645.084595,239.947314,319.599786,246.628756,488.665628,878.412127,824.265207,130.444529,0.739512,126.41204,74.176009,828.106201,325.950028,439.360409,333.893117,7.775286,284.135064,69.76481,84.74326,84.669212,77.176812,590.93652,20.768359,26.920623,41.314697,68.931923,431.826146,123.825959,211.311654,46.896882,120.872714,72.770763,516.759742,24.897177,1181.82592,58.584593,0.735229,217.916127,43.052401,37.934276,9.755032,1.222459,41.778144,125.43818,57.877053,152.341703,37.397338,147.667312,26.777459,70.233881
2020-01-19,651.880301,637.836692,232.974191,310.839486,238.31368,469.971869,849.294182,828.172881,133.510055,0.756852,131.38464,77.069125,839.358334,334.461713,434.993876,330.506424,7.590371,279.842906,66.178777,85.256446,81.923011,74.227293,588.413222,20.676804,26.499799,39.576639,66.168908,425.883452,118.658309,204.694945,45.571387,121.546145,68.346942,505.236396,23.408191,1155.30445,56.30075,0.664629,211.1946,42.226504,37.516928,9.295403,1.154208,41.036692,122.487321,55.803285,149.667911,36.568752,144.128987,25.3461,69.994135
2020-01-26,646.299018,620.282928,225.740884,298.952585,227.597967,442.146785,815.592865,801.429049,129.646368,0.698336,129.593215,76.317839,837.347083,329.406577,418.287499,323.653205,7.445604,273.68122,63.197211,81.972133,78.461917,71.077688,577.971126,20.284603,25.005035,36.714572,62.002135,411.450153,114.413968,193.62071,43.609307,118.689267,63.660426,479.344286,21.318318,1093.727659,54.790444,0.614013,202.346574,39.00852,35.946955,8.928605,1.067159,39.284237,116.043388,53.347461,144.435816,33.749716,139.320186,23.104944,67.195289
2020-02-02,695.383665,638.012225,228.086018,312.225982,260.050362,454.986989,864.422667,869.228045,140.094745,1.289694,136.173233,80.426462,874.85394,347.430167,456.029024,324.659771,7.671723,281.707699,63.581768,88.075889,80.595565,71.905655,597.207078,20.161902,24.58986,36.112436,60.827848,427.368269,112.504935,205.433724,45.437801,127.294915,63.782525,501.268329,23.331312,1164.27114,56.207098,0.605125,205.317708,40.900976,35.212514,10.341105,1.042298,38.866096,121.763989,58.846074,147.834677,34.700716,146.345247,22.961516,66.347769
2020-02-09,673.515021,652.14444,236.855766,313.099307,247.509459,474.820006,858.518269,845.644956,142.719883,0.794491,137.376089,85.319519,971.536239,359.268754,439.724937,327.270805,8.084391,285.329106,67.296509,87.155688,83.090301,73.804385,602.856521,20.736075,25.821189,37.851318,64.614021,426.932217,115.780667,212.814473,46.248867,118.879305,66.483433,501.179828,25.009364,1173.978208,59.038284,0.657345,205.722486,40.029299,35.741601,9.298182,1.104149,38.450607,121.626052,56.132481,145.078037,33.132272,140.662852,24.366192,68.785468
2020-02-16,662.277251,652.675641,230.338868,311.911541,224.953087,455.798193,830.914127,818.976037,139.014413,0.758678,135.726687,99.651351,1395.04633,396.493581,420.413042,321.55573,8.185867,278.728247,65.148106,87.090669,85.454447,72.929878,624.079625,20.737484,26.517797,38.387857,63.419266,416.749619,115.293677,244.570913,44.669847,120.318091,65.068398,469.101371,22.414562,1174.540307,58.062618,0.624729,207.674842,36.878246,35.015874,8.709579,1.059353,37.453257,116.505521,53.176628,141.47317,30.132094,135.744815,23.644167,70.8065
2020-02-23,663.608376,651.139475,230.053425,319.328392,224.624635,447.439956,828.668385,801.505016,135.84401,0.657691,131.714126,77.675148,873.026324,340.661604,418.745755,324.470602,7.83492,275.611638,64.340141,82.922338,80.132621,70.839695,591.12893,20.120845,26.079781,38.580117,63.929451,418.397988,114.526805,211.959232,44.75451,116.732781,68.001238,472.577637,22.506067,1117.765811,55.700665,0.64718,204.584026,37.913919,35.311145,8.889342,1.088337,37.712828,115.012335,52.867562,141.288039,30.59256,139.614234,24.040072,68.921626
2020-03-01,692.074169,679.869034,242.898455,352.701254,233.608289,457.614237,872.87281,843.510784,140.902893,0.720817,134.610534,80.555459,904.019978,349.342595,426.068984,326.847025,8.505946,282.242189,69.212116,90.362367,85.187142,80.205111,612.979058,22.163016,26.251574,43.901501,73.695269,424.170603,116.552008,253.701676,51.08637,125.628652,85.619077,475.990185,28.706495,1133.399829,59.048067,0.770792,207.739268,44.539213,39.655091,9.210916,1.306073,38.62972,119.525987,56.209954,143.934899,32.65012,141.976733,27.858308,70.408254
2020-03-08,735.966296,721.94028,259.352011,413.675873,256.655065,501.907195,932.202969,902.197336,154.43256,0.748259,147.11087,88.475978,980.842281,362.218203,453.436856,335.776224,10.013924,295.744698,79.477353,95.196455,93.570446,89.756089,640.115151,25.492001,27.82579,50.274693,88.957172,447.816373,122.309505,256.586352,59.372081,134.56191,95.559103,520.491919,35.630037,1262.302099,66.782053,0.882895,217.757094,50.992877,44.383282,9.617821,1.471438,40.595094,128.280078,61.703382,150.266498,35.009398,150.171519,32.334058,77.254085
2020-03-15,871.925288,869.359692,370.064978,584.857709,374.753084,822.524695,1391.576561,1210.916084,190.189149,0.954936,184.867358,146.52233,1271.282771,405.079751,660.409637,455.142523,18.752396,388.854965,130.741439,157.151665,129.130245,150.283352,794.172988,52.754864,43.571606,118.072477,170.942004,679.636222,195.336667,329.923375,105.001754,166.960465,187.924105,807.615979,69.664905,2024.310944,102.759862,1.736666,272.370588,110.260925,81.278492,11.755796,3.108728,61.789239,199.427662,87.245223,201.077056,71.151008,196.161768,73.265825,133.145696
2020-03-22,839.394922,798.733334,365.005441,451.536858,397.201468,832.529724,1244.265886,1154.27527,195.616638,0.868516,195.789159,167.114307,1229.077658,369.652215,659.836023,434.781609,20.336178,351.193319,137.202833,172.333194,116.510163,134.826043,749.21612,55.273261,47.180906,105.521393,151.197838,688.573719,186.731822,334.178627,98.934275,155.00897,169.458424,788.88782,66.766131,2049.945662,110.862954,1.761646,250.419932,103.974433,70.561838,10.69189,2.860452,59.412248,192.226137,86.596285,198.385878,70.053214,183.980843,69.195974,140.425142
2020-03-29,700.832688,658.941671,254.502084,308.096863,297.341941,517.968857,809.922634,837.645629,171.801742,0.651026,176.44333,128.008276,945.167651,301.048039,496.288361,334.260624,13.164553,280.005289,95.128122,124.129451,82.944914,84.508175,636.368918,40.13819,32.415299,58.502518,90.001946,520.533972,150.651448,241.036534,58.319662,114.658307,95.634987,583.456969,35.919429,1420.618225,80.640515,0.907899,215.888249,59.666449,46.740595,9.088488,1.540341,44.430371,134.10802,65.653185,164.868676,42.45851,155.862427,36.639021,104.378493
2020-04-05,744.845932,694.212504,274.318919,306.39242,326.891429,569.638819,824.040056,889.070581,191.698604,0.655553,193.762249,142.674464,1082.669462,316.947805,549.214648,369.621159,14.361916,309.78728,106.451641,136.91152,90.032834,90.066047,688.084127,42.729592,36.816505,57.938998,90.253226,555.817166,176.071434,266.05296,59.156358,122.688137,96.552122,619.937354,36.673575,1578.611029,87.610901,0.999926,236.202661,60.423818,49.443345,9.683665,1.66593,46.98918,149.720598,73.673743,180.781276,43.098015,172.762689,38.918518,111.600223
2020-04-12,763.764398,695.861485,263.125454,295.070045,328.929545,538.752347,773.883061,867.824617,200.09997,0.694032,198.54664,150.847184,1316.135288,326.392757,559.479929,366.416013,16.126525,310.679293,103.56112,138.100982,91.014959,92.191777,694.987084,39.364845,38.328619,52.898553,82.64162,552.378952,196.064743,289.708875,54.968795,123.627797,86.974294,589.94357,31.108438,1650.814367,87.379808,0.927157,244.004564,54.254194,49.178307,9.571697,1.501692,50.221806,147.712416,75.623825,181.620598,38.166149,174.672292,39.747812,121.673509
2020-04-19,749.371635,704.433525,256.414346,289.799317,314.638363,530.127155,749.634818,845.906079,195.602864,0.688566,186.363118,125.049616,1048.129767,313.969922,521.550761,355.354813,14.192183,298.850091,95.946663,122.788969,88.34187,82.867287,669.415311,34.787436,34.607711,47.731854,77.481929,517.212533,173.631869,273.636765,51.080749,123.284094,81.620369,573.35605,29.211728,1507.773586,79.536438,0.888219,233.047549,48.999927,44.525767,9.596155,1.38914,42.580479,138.975483,72.474432,171.792641,35.986569,168.264099,32.826928,104.878585
2020-04-26,779.392905,736.810748,259.16477,311.827144,317.330356,521.651621,756.805008,865.346404,209.319669,0.757369,193.891889,124.400774,900.407148,317.352019,522.858397,355.147742,13.634924,306.711829,95.015325,120.615367,90.131301,83.15227,703.460821,33.559791,33.636371,46.717159,75.838143,518.264798,159.560801,281.325935,51.439459,128.282524,81.42213,579.501544,28.600133,1505.816429,77.128856,0.887396,238.375643,47.909686,42.940903,10.391916,1.352475,41.202728,139.681091,74.286957,174.684984,35.33145,174.300468,29.993856,102.640776
2020-05-03,820.477511,775.152447,259.282055,334.825436,326.220421,519.123375,779.973472,887.008292,220.335225,0.830628,194.941795,122.723983,907.849188,331.709087,528.592647,353.186115,13.413384,307.533625,93.60202,118.489243,92.44833,82.387415,723.655028,32.87295,32.978202,47.164816,75.303771,523.589572,150.574077,299.200565,50.903303,131.610669,83.5978,626.255106,31.615529,1684.549813,76.218027,0.895713,238.922684,50.424811,43.535781,10.687173,1.353302,40.0415,140.40418,75.649993,174.730621,34.133461,176.774228,29.221591,105.179823
2020-05-10,835.642905,793.492282,257.483453,347.165195,328.381722,520.347094,787.605121,893.976158,228.978313,0.906214,199.010924,129.278901,960.197497,374.202885,531.429218,349.1479,14.340109,311.7563,93.754511,119.563613,94.992737,82.717814,751.139372,31.649808,33.63494,46.220424,73.955294,524.018419,146.716427,343.867225,48.975238,132.796307,82.694838,613.415392,31.253613,1686.266712,76.272688,0.838139,245.22258,49.767421,42.276022,10.902405,1.303757,38.944471,140.048773,76.151255,173.614856,32.166905,177.620811,28.401332,110.77233
2020-05-17,817.522271,786.654507,248.452282,343.278232,307.114572,499.084772,763.982066,873.685849,217.001692,0.850739,186.816894,114.293212,913.806295,350.36833,496.212807,339.435606,12.561107,296.65104,87.263637,108.764085,90.39889,77.915446,738.434527,28.383399,30.991966,43.171548,69.861252,494.778333,138.032234,311.467656,46.721766,128.419675,77.102028,567.715747,27.430196,1445.925011,70.396245,0.75327,233.97624,45.822453,39.460545,10.718352,1.21158,37.095325,131.507611,71.198941,164.902123,29.391593,169.756219,25.761829,102.855316
2020-05-24,861.440973,813.512918,244.80733,374.315474,332.52054,480.939028,790.125453,924.644634,231.790834,1.222365,194.00288,113.495646,903.779639,357.31417,510.483916,337.919331,12.471353,298.684283,85.532029,110.11266,93.346335,76.792114,815.36843,26.453473,29.565631,42.650265,66.929914,523.119899,135.574023,325.297706,46.146367,135.386862,76.763097,566.551233,26.512413,1583.617441,69.055353,0.675285,237.891602,51.921769,38.030303,11.314801,1.106931,36.833407,132.376995,76.086817,169.963038,26.958106,179.175333,23.902156,115.494493
2020-05-31,813.244484,806.147301,228.816668,385.510605,300.401195,455.352836,749.191996,868.391979,231.474259,0.996405,184.186805,98.429552,848.802938,339.875996,475.663515,327.540093,11.14436,283.106466,77.401104,95.992954,91.251083,70.811663,786.037618,23.366647,26.466419,38.961974,62.570166,490.393294,127.2465,302.977958,42.82281,123.940195,72.650676,534.843057,24.364954,1426.733696,62.28715,0.596877,230.524506,46.319251,35.026728,10.717268,0.996332,34.29351,122.547065,69.837171,160.276241,23.5448,170.959802,21.153779,103.570316
2020-06-07,841.587777,860.573944,234.96293,415.119515,294.509006,488.009694,781.329773,896.524496,236.451609,1.001501,185.786763,96.407164,879.961804,349.873536,485.690262,329.736863,10.572903,288.6523,78.624549,95.158358,95.040427,74.259598,787.446213,23.155623,27.249426,39.822817,65.62048,491.909537,126.465942,298.92622,44.849561,127.602031,75.969596,559.313994,27.193915,1443.588648,63.233773,0.655344,235.172115,43.487063,35.560077,10.919751,1.093385,34.641202,124.891357,69.80133,159.522864,24.153529,170.771064,22.26776,95.564577
2020-06-14,842.102538,872.518352,232.403291,421.165284,295.961035,487.624454,787.057052,904.08738,237.542636,1.065126,186.225193,95.423014,883.725761,351.626528,482.532524,324.766877,10.465584,287.893864,78.854566,93.519837,96.852698,73.385416,774.721374,22.666972,27.146723,39.292571,64.808803,492.12935,122.919226,302.902546,44.880226,131.833281,75.542259,556.424315,26.354002,1462.783835,62.567107,0.663107,233.264291,43.033386,35.067234,10.91456,1.070336,34.284411,124.73488,69.719522,159.406293,23.669482,170.942188,22.221684,90.926841
2020-06-21,841.985719,859.054129,230.158064,417.300412,298.400743,476.950869,793.935276,907.827038,240.127116,1.246253,190.461961,102.258408,893.033061,368.349826,488.074237,324.510084,11.466507,288.259046,78.188603,96.430129,95.776644,73.002227,785.51221,22.711536,27.585329,39.824111,64.018108,495.409787,123.805656,331.089538,45.26785,132.633772,74.432721,548.009992,25.326159,1555.729648,63.383485,0.63202,235.269414,44.512872,35.104538,11.203938,1.037986,34.321068,125.610864,70.247776,160.919125,23.238859,171.587207,22.259086,99.023887
2020-06-28,835.102465,857.691206,219.952475,426.382392,282.8581,452.613293,770.560172,870.41477,231.255657,1.091321,181.993841,92.164979,841.125864,344.748672,466.901687,317.620165,10.268662,275.459123,72.882829,89.734985,93.276435,68.409599,765.643688,21.113216,25.461558,38.359037,61.028495,475.236463,119.420502,287.80862,43.633221,124.604636,71.391256,517.473877,23.946059,1422.035382,59.838868,0.603951,219.438321,42.227966,33.558957,10.511866,0.992349,32.707406,118.846658,66.335462,152.963124,21.970444,161.07775,20.863881,95.138905
2020-07-05,918.759611,903.652156,233.648324,460.536013,345.599212,464.118469,836.753542,959.421349,254.811429,1.73337,199.550248,107.014853,873.118731,378.997605,523.602442,327.964072,12.202706,293.897084,80.708802,100.985072,102.851673,72.493629,872.99143,23.147948,26.434016,42.728357,63.46571,543.993765,128.130169,331.407246,44.976395,129.763673,79.288547,566.712411,26.634057,1754.225939,67.194856,0.640498,231.94147,57.674207,35.348696,11.557331,1.038821,34.836385,130.865937,79.68775,171.492971,23.522402,181.96878,23.222118,125.118877
2020-07-12,809.030473,878.267817,221.205746,441.101532,286.065347,476.430635,786.517887,861.79206,234.501925,1.131792,183.554072,89.40975,833.934248,335.740743,469.816261,322.866835,9.975322,279.605385,78.021849,88.060014,95.455728,69.628113,774.25721,21.508218,25.654406,40.397219,63.628277,478.408104,118.71663,295.962808,44.176012,121.299954,75.844627,532.178185,25.752037,1420.333342,61.499587,0.632883,223.825077,42.837604,34.269807,10.417486,1.043672,33.322551,120.911776,67.079782,155.49979,22.863637,161.655837,21.419386,97.000809
2020-07-19,825.693284,888.576124,228.430014,451.717943,285.297571,493.385522,805.765884,886.789772,236.729981,1.084727,186.412685,92.759027,855.331423,339.350863,484.419067,330.979675,10.090098,286.113412,80.259871,91.803227,96.850619,72.724775,794.767573,22.668883,26.634366,42.165102,67.846685,489.085413,120.47496,288.392286,46.422426,125.025436,78.928768,545.742916,27.488475,1430.35723,63.665521,0.662654,228.745262,43.491377,35.53256,10.569277,1.11236,34.220176,124.3394,67.814119,157.24715,24.453569,161.809316,22.664757,97.10498
2020-07-26,812.962656,863.967519,219.937845,436.568457,276.65719,466.823011,787.275054,871.244099,226.720832,1.033242,184.190541,89.522538,833.905473,332.23882,473.982055,328.187188,9.653601,278.969892,75.549948,89.583399,94.804339,70.327808,771.161419,22.111179,25.853141,40.382965,64.5632,481.458703,117.47618,276.448642,46.116148,122.051958,75.820945,533.570858,26.183143,1369.06459,61.616532,0.60906,222.865564,40.858841,33.951446,10.306915,1.046471,33.459252,120.337582,65.461723,153.577821,23.643666,156.584965,21.988256,94.002166
2020-08-02,820.783173,854.992554,221.260257,442.326577,272.846591,464.500287,787.481045,869.929511,221.865912,1.080894,180.912021,88.673301,838.105275,333.641857,475.191194,330.128807,9.691972,279.578276,75.166094,90.577952,93.951165,70.457809,762.887777,22.216353,26.082048,40.265729,63.949432,480.475974,115.735566,269.546739,46.17054,122.526694,75.340245,517.238364,26.434217,1363.134542,61.069159,0.60955,218.738128,40.886872,33.809969,10.287292,1.053419,32.99696,119.238427,63.989431,151.939924,23.890513,151.183801,22.240382,92.295308
2020-08-09,833.107346,852.537042,230.929536,428.672807,281.377278,488.764297,809.657253,892.204547,217.023281,1.030748,181.194492,90.960064,868.99847,342.931267,486.944871,335.823658,9.737854,284.456487,79.045482,93.683831,94.57827,72.879363,758.322257,22.736876,27.034739,40.721133,66.438452,485.937168,117.458234,278.929348,47.167237,123.000072,76.64707,536.062521,27.256117,1407.020996,63.707662,0.646292,220.576424,41.82526,34.001469,10.189583,1.086118,33.397824,122.529423,64.971156,151.685144,25.114006,149.484236,23.19975,93.77519
2020-08-16,845.777151,870.219073,228.513335,443.644262,280.989003,489.654615,812.096085,896.232084,217.371904,1.067203,182.289756,89.100997,863.567793,341.736588,487.463544,339.447242,9.491068,285.930378,78.089669,91.058874,95.202823,73.443751,754.84201,22.307437,26.867246,40.881216,66.60721,481.017457,115.896799,277.466526,47.398082,124.917503,76.514281,535.808921,26.414155,1378.333211,62.337092,0.588845,222.438778,40.67075,34.123081,10.415979,1.077633,33.513847,121.733506,64.784884,151.58728,25.396682,147.458712,22.613207,90.953049
2020-08-23,826.101937,846.908978,225.550699,437.13317,273.235375,483.952928,813.909142,892.685249,207.860202,1.020613,178.105137,88.249549,863.476616,339.717867,481.94743,340.5616,9.267201,285.742161,75.949825,89.416391,93.375503,73.953895,726.40959,22.094055,26.601121,40.942337,66.760286,482.083456,114.564178,265.82588,47.365262,122.064506,77.071028,523.21589,26.737379,1345.149686,61.554689,0.552919,221.149747,40.977906,34.126945,10.115136,1.074983,33.938522,120.690098,63.154479,149.95576,26.207892,144.190761,22.55516,89.165701
2020-08-30,818.113607,826.20227,223.934774,420.087577,265.559418,466.830417,798.586253,865.993458,198.167886,0.965195,173.078232,85.876449,849.210901,333.77255,476.598954,337.266365,8.941606,283.286141,72.950082,88.89744,90.263941,72.395911,693.572527,21.159091,25.991735,39.621011,64.742091,472.900996,113.268274,249.588228,46.050228,120.523791,75.038924,517.805557,25.615527,1295.556275,59.641955,0.487077,217.523304,40.10456,33.399112,9.984501,1.033867,33.759867,117.265265,61.116837,146.77184,26.014485,141.477777,21.933299,86.422541
2020-09-06,858.867439,841.089948,234.232865,417.013158,290.813062,483.167636,838.845341,910.82697,200.629967,1.208199,181.496987,92.992522,891.402603,357.129669,502.163177,341.51679,9.791499,291.428337,77.538306,97.991286,94.563369,74.781262,713.186,22.277304,27.289482,40.81958,66.285842,500.215562,117.119267,278.926687,46.246244,124.980587,75.366183,530.115846,25.80976,1485.328188,63.239546,0.49763,222.770498,47.883106,34.170604,10.456822,1.041321,35.563578,124.20739,66.415709,153.771665,28.182564,146.419603,23.229309,97.734745
2020-09-13,791.379135,792.492555,235.413961,385.336039,274.926946,495.99799,829.712862,876.604593,191.322393,1.144676,169.698293,94.045208,892.217934,354.883375,488.562091,338.936054,9.84548,289.629306,76.922853,96.452663,92.503588,74.293672,667.135328,22.642197,27.763535,41.010025,67.543742,485.894125,117.18003,268.167275,45.544072,120.247747,73.411737,528.23559,25.603945,1392.286811,63.073578,0.467446,218.579503,47.636738,34.658176,9.75418,1.071418,40.828583,122.166939,63.608195,153.073678,32.072585,143.083603,24.533776,90.624408
2020-09-20,782.049428,788.296988,239.851498,374.711007,260.974552,495.278837,838.089821,869.231541,181.604307,1.074369,162.12582,96.257623,909.989344,353.491491,481.075118,336.501164,9.807812,288.7968,74.304514,94.513492,89.773697,73.633625,640.785839,22.963959,27.943876,40.576136,68.289163,475.447581,114.697419,250.438589,45.266548,125.501154,72.585068,532.079645,25.86734,1315.880826,62.741651,0.465366,218.485751,44.267228,35.06029,9.425619,1.03919,49.269804,121.134771,60.929645,153.098316,33.354506,139.060326,25.463768,82.715745
2020-09-27,777.037483,772.370943,235.916376,364.942975,251.683762,476.788342,831.363751,856.578488,174.319434,1.08945,158.927622,97.628327,905.282154,349.859095,471.533258,333.672912,9.718913,285.312806,71.46239,90.04455,87.281334,71.215634,613.304582,22.493053,27.353708,39.499116,66.426362,469.57261,113.016498,235.655835,44.446915,121.297327,69.590197,509.071651,24.304205,1286.342669,61.08436,0.42783,216.216208,43.698908,34.346162,9.286969,0.936262,56.314206,118.858227,58.653111,151.615136,33.828429,137.65737,24.824415,79.131307
2020-10-04,789.689557,784.638338,245.359519,372.029487,257.568873,493.18495,857.834778,869.899542,174.23065,1.017358,160.384913,101.932214,942.560591,357.525087,479.896621,339.224078,10.187789,292.949926,72.624878,93.331176,88.827085,73.515837,614.715677,23.516092,28.428065,41.080876,67.994018,475.065724,115.425938,242.742697,45.186052,126.104282,71.411118,524.121532,25.50031,1327.25728,63.37254,0.435554,224.303945,46.722253,35.014678,9.294579,0.938921,64.091211,123.31758,60.232809,156.332801,36.743729,140.755166,26.64017,79.053483
2020-10-11,799.463839,789.807471,244.881481,375.185824,260.807848,506.413007,869.693011,883.337269,174.144558,0.992478,159.200144,105.793509,982.135949,364.320397,483.733196,336.462069,10.819313,293.19838,78.098708,95.856989,91.368473,75.230317,607.411361,24.402406,29.163439,41.633651,70.160281,479.9978,117.838016,250.713262,46.533171,126.874724,71.85836,532.872851,27.460066,1347.802744,65.482043,0.46222,223.197011,45.713422,35.306075,9.389169,0.885303,68.276648,124.173311,60.720185,156.93397,35.6642,140.368028,27.858987,79.349667
2020-10-18,783.230989,775.996567,242.624537,362.425629,257.267366,501.04947,867.217717,866.214824,170.964275,0.889496,156.340608,108.29237,996.822898,360.227505,479.185308,334.635487,11.002008,291.528781,73.788595,95.724967,89.632066,74.844186,597.662689,24.328344,29.270482,40.455232,69.745351,472.37685,118.446411,240.768243,45.355434,126.556474,70.186896,523.177649,25.526336,1319.147184,64.243111,0.451741,223.152834,45.558893,35.507971,9.161265,0.919364,71.639261,123.715397,60.426803,156.425357,36.864235,140.816539,28.717288,77.748757
2020-10-25,771.053804,756.021271,244.611969,349.776326,255.983166,489.183645,870.416048,858.28395,163.353553,0.826986,153.314923,112.504322,1026.884118,357.748973,474.163995,334.84219,11.548862,289.762967,72.417162,95.867097,88.001319,74.500688,585.600081,24.973828,29.24659,40.73568,69.864702,469.138649,118.06432,232.555916,45.318116,125.294866,69.171497,517.984764,25.638591,1299.210413,64.885897,0.451231,219.620474,46.74213,35.703347,9.111205,0.962968,77.912213,123.292365,59.784914,155.299114,38.574493,140.897103,30.149559,76.779007
2020-11-01,772.16831,740.41137,255.529681,341.528976,261.320847,495.374934,899.336002,878.130156,156.771979,0.813912,147.509823,126.609081,1299.504604,367.50665,487.968497,338.545178,13.211104,292.164557,73.924646,102.075174,90.779165,76.553359,576.419807,27.255097,30.213329,41.83968,71.874369,478.880033,122.498859,229.491184,46.185872,128.36225,70.485382,528.150077,26.78928,1307.157311,68.958672,0.432826,217.200943,50.179462,36.87706,9.134588,1.046386,72.733916,125.5545,61.523296,157.288546,42.900613,142.408858,33.077215,78.302661
2020-11-08,782.724344,759.673908,258.048705,354.323572,267.70956,514.709727,920.951752,843.080401,159.218938,0.822961,150.197818,114.159991,957.09411,349.5004,487.425669,341.670738,14.293984,292.272739,79.522111,105.744529,90.379055,80.37222,579.855395,27.738187,31.215993,44.055566,74.437941,480.825088,126.276793,240.046153,46.178322,131.186244,72.351105,578.275369,27.976106,1351.374056,70.217185,0.516378,220.706681,47.499405,37.796856,9.139459,1.210441,42.317892,127.795473,62.132099,154.629341,38.485978,144.333383,38.966325,79.761114
2020-11-15,784.746256,756.612652,265.936332,349.660677,277.411943,522.077419,951.224131,853.537585,169.22824,0.733414,161.407503,132.769434,898.835728,362.595619,503.344225,354.232221,17.495928,302.680473,82.448038,117.517028,91.70354,90.04054,589.155989,30.188112,34.16192,45.645496,76.691408,491.351532,129.386428,239.194209,48.265909,139.855219,72.278527,645.608183,27.872803,1383.66743,76.145621,0.555828,224.898202,47.459938,39.501039,9.177849,1.369047,44.875826,130.021204,64.942319,158.223246,37.855027,144.388294,47.644891,83.306132
2020-11-22,818.252081,767.247922,284.940908,356.852105,315.661469,514.91723,1049.450301,876.157423,194.200739,0.714994,199.692444,181.624201,966.145546,411.758445,574.450489,374.586353,29.571436,335.546852,102.451114,163.253979,98.584708,116.367827,608.739419,39.875376,43.868887,49.866922,81.684657,548.525013,145.407973,250.534442,50.674008,168.644905,72.927715,804.331317,28.68939,1481.882083,99.831695,0.579402,228.030587,48.923459,50.005497,9.339867,1.486944,62.986313,148.909746,75.511952,187.852635,38.373006,150.367561,70.080799,110.314475
2020-11-29,771.3041,704.158631,234.67041,304.369748,278.982542,400.043142,867.815431,758.314994,184.719732,0.62992,192.247983,174.922773,877.422996,439.483948,534.062602,359.423794,34.039897,308.102635,99.077135,154.430859,94.835912,103.225168,549.3814,35.313778,37.534577,41.55265,62.098421,507.855993,137.892567,218.619095,38.955636,152.068084,53.918107,581.726729,20.998505,1210.247528,97.736837,0.428361,197.492526,36.094576,45.663408,7.572133,1.081471,57.967973,133.124721,66.866518,176.509536,27.422511,137.55001,61.117024,100.598448
2020-12-06,725.693122,713.593675,268.12998,312.122299,243.703791,514.436948,847.90212,838.491525,142.613209,0.746738,136.369526,134.139035,1046.341936,346.313573,463.793582,362.786915,13.987378,289.309723,68.088751,105.087295,87.380161,74.621994,559.88119,26.629792,29.6318,40.368689,66.661294,477.332228,128.166113,230.498636,46.986819,135.820052,65.298149,501.986895,24.23944,1263.242145,73.2906,0.485488,213.602928,42.117166,34.81653,8.417673,1.236857,36.677633,122.049548,57.210598,145.040509,36.316071,138.18197,27.933558,67.444497
2020-12-13,764.628149,744.887564,272.918116,320.584184,261.141895,535.474563,899.59922,879.45591,151.254913,0.706867,145.515109,177.399976,1168.79919,376.812967,501.312901,370.666251,17.493046,296.212652,76.151827,123.383531,93.525708,80.946244,565.047125,31.516754,32.787709,43.025191,71.11828,493.831091,132.716079,260.956084,51.801197,156.127119,68.882501,533.925408,26.405719,1401.320191,86.738698,0.560358,217.613127,43.6542,36.655531,8.836653,1.27977,37.701159,129.879411,61.569873,150.165523,37.966815,141.219239,31.262997,75.720162
2020-12-20,790.894125,750.819748,280.106496,315.848736,282.135662,520.465539,937.769739,902.268045,158.519473,0.729794,156.694462,225.344684,1281.596519,400.970984,575.743964,386.701754,24.505661,310.301966,81.198411,150.918813,98.409,87.446762,578.739924,38.387693,39.187765,45.837252,71.072196,528.093805,142.673132,301.53562,52.712766,175.024675,68.99702,546.588918,26.249431,1625.474757,101.522289,0.557505,215.977646,45.022481,40.849575,9.316563,1.300848,43.571295,141.519685,69.794264,160.241036,40.882161,146.312322,38.036179,91.205113
2020-12-27,799.479438,730.190685,253.982446,298.684497,290.88655,436.950625,872.727985,830.309488,161.565539,0.794924,159.429562,203.992974,1205.643161,407.906464,621.296421,376.951061,27.615104,297.490576,81.019897,147.575864,102.852691,83.950675,567.902404,36.329942,42.635216,44.839665,61.923244,535.208392,145.440384,372.434735,41.570378,161.326866,58.831395,482.426797,22.349689,1619.738086,94.123557,0.476698,211.700004,39.959982,45.101939,9.094694,1.027129,47.658962,146.553081,73.736646,169.808255,36.673567,153.987016,42.017424,103.973596
2021-01-03,765.991365,725.188808,246.792115,322.293216,284.973883,519.72222,869.830752,839.336847,151.921303,0.989481,140.498781,94.824802,783.393262,323.94622,523.423477,359.234446,12.623952,287.639106,75.090585,95.526207,109.396867,71.30613,593.071495,24.369875,31.373417,40.590461,67.520998,480.957297,133.477766,360.551348,39.409334,112.132286,65.402758,518.873018,23.681743,1396.324065,62.389161,0.613425,222.98156,47.108618,45.129767,10.020726,1.131205,40.811543,141.89635,67.695205,165.82973,38.117202,159.417642,27.074111,82.057686
2021-01-10,748.223876,731.096563,266.378416,342.807583,280.546135,559.812346,905.486707,853.834803,152.812596,0.798949,137.420675,86.813145,849.060081,329.493943,492.148599,358.154897,9.462301,305.633718,80.541106,95.584293,93.4645,80.848404,638.255606,23.879098,31.186415,44.093043,76.153784,481.847193,133.244034,279.943905,48.03833,124.871921,80.373027,579.265973,27.059531,1351.413981,65.764846,0.706984,243.510963,47.643412,41.760437,10.714605,1.446305,43.384023,142.141426,65.347434,173.14874,42.675225,164.461068,29.318107,78.972341
2021-01-17,766.052092,744.503692,268.243216,355.823808,284.799951,561.576709,916.775944,889.566543,162.039776,0.870267,147.449777,93.130186,892.333551,347.165869,504.231814,353.495818,9.900133,309.296094,82.840938,96.168296,94.717065,83.711119,649.329283,24.943989,31.780377,45.884208,79.666652,486.778726,130.511649,282.43377,51.191439,127.799906,81.582677,577.215741,29.526582,1382.640032,67.335165,0.758312,240.550911,49.593748,42.397342,10.739808,1.518258,43.211492,142.833463,66.022551,172.179186,42.004562,164.75284,30.574881,81.714132
2021-01-24,750.919258,726.933453,253.689864,337.967333,271.212035,530.458598,875.998419,860.971121,161.532027,0.888812,149.55365,92.127073,890.058473,348.228624,488.71592,346.293244,9.187744,304.292399,78.153633,92.584744,91.053942,79.889113,646.450204,23.445113,30.305565,42.635742,73.294297,473.084099,125.534108,274.615289,47.683078,126.673264,74.723224,551.243286,25.055328,1308.90167,63.146927,0.699857,235.156068,43.679631,39.799027,10.497795,1.276309,41.742529,136.589957,62.979008,168.112621,37.468488,160.653972,26.261413,78.647756
2021-01-31,750.850802,717.498214,253.407822,327.288288,270.374138,527.769007,864.755637,868.111549,159.725014,0.814018,149.543037,94.638806,916.680842,352.618681,491.822973,352.16577,9.033946,307.047805,75.232811,93.946185,88.699851,78.359129,653.101336,23.254384,30.073376,41.090782,70.625419,479.250521,127.515686,266.020743,47.609173,128.512284,72.33411,550.419776,24.260397,1295.58042,62.46371,0.669583,231.822328,42.723988,39.140198,10.197772,1.225509,41.976325,135.356766,61.99657,167.282036,37.527871,159.491696,25.072047,79.739853
2021-02-07,797.910315,738.275846,261.357244,335.909843,307.53034,562.806376,920.171063,936.066381,171.63843,1.594495,156.774107,104.709082,1004.526617,371.629967,543.02822,353.349067,9.733919,314.183176,79.576176,99.742385,92.908285,80.173026,671.087908,24.293475,30.701164,42.273158,71.405927,499.783131,132.948441,293.847041,48.759715,132.175807,74.083467,589.464755,27.165219,1414.719395,66.028923,0.702629,233.922553,46.221442,38.466836,11.550728,1.227231,42.505626,143.767968,68.187683,171.616001,40.292634,168.589521,25.368779,80.993424
2021-02-14,757.729393,730.456585,261.322337,338.396976,280.613049,563.314159,898.146299,902.081801,169.455759,1.075314,152.927197,121.981006,1273.635337,406.005693,519.880224,354.517903,10.371235,310.995981,79.483188,98.534446,95.135184,79.397835,693.200318,25.04326,31.641745,42.954828,72.276637,497.530081,135.997566,332.004505,48.729931,125.342763,74.918694,565.188565,27.629118,1436.07171,66.87326,0.689818,231.038853,44.716425,37.74745,10.221803,1.293303,41.26862,138.355074,62.910965,166.046391,40.004673,161.78298,26.456542,84.385909
2021-02-21,732.696259,698.320427,251.990984,351.410448,252.847077,528.92249,847.996012,834.240826,156.67668,0.833862,142.362533,98.491121,1002.309292,351.936117,476.289693,341.101801,10.040849,290.608056,75.616826,94.098103,89.569887,75.446361,637.893508,24.131262,30.521664,43.330634,70.091662,474.95841,133.677658,312.063899,46.754184,118.027411,78.683633,520.230026,25.457516,1286.693945,61.628813,0.617025,223.287585,41.07005,36.845239,9.435519,1.171749,39.321655,129.114845,58.511955,157.573943,35.045694,153.70477,24.485785,79.298759
2021-02-28,780.050403,757.69996,254.572994,366.252653,257.672811,515.143412,847.886086,857.82675,165.710462,0.882244,147.639957,92.858113,931.617877,351.601762,472.840665,335.297155,9.361259,299.592011,76.150655,93.401275,93.301729,79.48324,665.489968,22.579772,29.313692,40.468613,68.335092,469.137794,127.88225,290.268299,47.710621,128.293989,76.689886,517.35103,24.349038,1264.152188,62.531766,0.644697,231.603977,38.334937,36.826577,10.04772,1.152368,39.478486,128.862181,61.496806,158.122856,30.668964,158.317133,23.960319,76.577249
2021-03-07,795.003839,773.432416,256.090126,366.961626,264.157628,528.515173,857.385658,879.611919,173.157851,0.960052,152.899122,92.126672,969.68511,364.582231,476.059174,335.953828,9.147768,302.500407,78.533939,91.061958,96.157302,81.500038,678.12206,22.089241,28.826285,39.544214,68.016839,473.016521,127.044884,295.767153,48.405661,131.023647,76.448127,532.575791,24.735407,1335.494911,63.094972,0.639335,236.29135,38.048028,36.416898,10.250838,1.13289,39.319964,130.267463,62.896918,156.950456,29.118105,158.453693,24.041975,77.002268
2021-03-14,806.26206,797.213029,248.906235,378.999707,268.799186,530.706255,866.265452,895.666962,179.67079,0.910709,154.913905,93.765266,1008.804674,371.380729,477.324985,335.636566,9.277234,302.530464,75.167276,91.4533,99.527307,81.560991,688.357198,21.486328,28.155905,38.815312,66.865852,478.696172,126.354554,293.735577,47.629366,130.155299,75.676574,525.934862,24.742988,1397.362304,62.107767,0.62203,231.249229,37.491691,35.900386,10.35287,1.075597,41.017324,128.880302,63.183265,155.983504,27.141706,162.106374,23.497083,83.377671
2021-03-21,805.27959,804.741417,245.780503,378.015435,265.175813,516.276603,853.417168,899.471326,181.771325,0.916583,155.185005,93.230048,1040.907192,379.254589,464.567244,332.692799,9.019685,298.157886,74.374569,90.137054,98.97223,80.35344,677.882381,21.144707,27.685144,37.003441,64.253184,464.20288,123.647424,288.665473,47.121627,131.991832,73.481356,514.386443,24.482417,1359.209436,60.800324,0.590586,223.356221,36.253603,34.855087,10.164725,1.061651,40.478082,124.95117,62.471506,151.732894,25.672787,157.522484,22.861728,82.459783
2021-03-28,808.057237,814.165038,241.539442,384.309612,261.985263,492.130182,847.4532,888.296119,187.254712,0.957287,155.017987,92.937709,1100.570963,368.61838,458.139262,328.323468,9.684688,293.613087,74.361256,91.329417,97.239295,80.123592,690.830161,20.377411,27.2364,36.995362,62.460365,456.722215,126.102247,283.08959,46.223388,135.274445,70.989289,510.43374,23.122046,1330.746373,59.785683,0.567041,228.099524,35.488966,34.897426,10.342415,1.008307,37.957665,124.552305,62.283714,151.742006,23.755659,153.496533,22.781926,75.595879
2021-04-04,865.094908,837.525146,254.777599,399.485452,290.527049,487.51945,872.398597,920.077124,205.08317,1.120704,169.461731,117.200055,1458.645546,415.626348,513.516236,339.298092,12.135128,311.127895,79.426917,106.964819,101.894503,89.264461,732.536499,23.086422,32.837612,39.852779,62.666841,493.285503,155.320556,312.189968,46.626564,140.59656,70.461625,518.235929,23.323026,1549.287554,68.783186,0.578169,246.114244,40.174905,40.44171,11.023282,1.053631,45.53103,136.478394,70.923398,163.746826,23.836767,164.324736,30.512767,97.432724
2021-04-11,824.790973,848.532301,229.166398,409.363028,265.685367,483.450948,827.951307,869.401925,194.813535,1.064561,148.582457,80.757887,978.41525,364.728097,443.832161,321.42047,9.118861,283.355484,71.086955,79.0813,98.749977,77.47533,681.984351,18.46295,26.117496,35.666064,60.027341,452.077868,123.022582,264.902472,42.84149,123.992467,67.090853,498.759724,23.141039,1313.80355,58.39717,0.557398,228.071503,36.454318,34.593088,10.060187,0.943433,36.212716,120.466416,61.229366,148.029639,21.196839,153.445799,22.957648,77.685298
2021-04-18,805.663419,841.593284,239.58068,401.807908,271.90642,518.324188,864.640783,918.034879,199.987954,1.024524,154.543616,81.090721,885.526164,373.420832,460.084623,330.132498,8.60318,298.373963,73.86705,79.729889,99.557324,80.884911,713.244734,19.168626,27.556674,37.838487,64.469419,464.580127,119.57992,269.716266,46.519252,130.533109,71.108722,529.117074,24.906585,1346.655927,58.644915,0.594277,234.040377,37.650254,34.818832,10.383842,1.016349,36.286173,124.211338,63.097491,153.081722,23.976055,157.888245,22.389557,80.799986
2021-04-25,804.070024,831.864987,236.391923,393.009534,265.121093,511.315969,858.405938,916.051787,200.70425,1.021768,156.06071,82.473621,898.170054,376.797345,458.78355,329.557198,8.634228,296.349883,72.765608,81.226104,97.31339,78.690467,711.724085,19.013553,27.321622,36.944137,63.407521,462.816955,118.318412,263.780462,46.381265,129.394263,70.180343,521.65476,24.087265,1327.819637,58.143699,0.571975,230.379487,37.541965,34.208269,10.321388,1.007212,35.868856,123.075011,62.395676,151.263394,23.973372,155.211377,21.859542,82.015851
2021-05-02,832.970881,866.659495,229.991928,417.56202,265.583612,496.222677,855.020743,920.426971,208.388916,1.072153,159.918557,81.836539,896.028903,376.242751,455.631454,328.485145,8.531564,295.939075,71.445594,80.180572,98.353137,76.864728,732.006506,18.732779,25.917617,35.733774,61.799678,464.61638,115.764272,260.804686,45.17286,128.75452,68.879023,516.017211,23.395336,1334.868229,57.279922,0.551688,229.99141,37.366784,33.093374,10.32149,0.959296,35.029408,121.413235,63.1997,149.273808,22.291592,154.365793,21.04369,82.018459
2021-05-09,850.426038,880.098749,240.011044,421.421591,281.859878,508.294728,878.948495,933.901838,218.822263,1.367669,166.827188,90.843945,961.658111,422.602094,473.083334,331.072688,9.754385,303.906064,76.160483,85.719148,100.472005,78.634435,777.531779,19.369968,27.147167,36.889102,63.624372,475.36526,118.08261,302.670967,45.347383,131.101928,70.853379,536.63578,25.283974,1448.629818,60.536795,0.572883,234.732592,39.824128,33.466382,10.592618,0.976333,35.072202,125.04214,66.505861,152.361877,22.719548,159.450789,22.118324,88.816085
2021-05-16,837.147973,865.929368,233.149754,414.299565,271.31299,505.359625,867.326587,923.796347,215.218558,1.230908,158.097691,83.543067,925.734806,399.708192,454.402235,325.378463,9.187517,292.833342,72.800192,81.252211,97.667386,77.219016,751.157376,18.607782,26.380119,36.784895,62.542859,464.217541,113.715978,280.531177,44.879976,127.906181,70.11753,527.122428,25.690363,1388.151672,58.536078,0.572288,227.51152,39.474013,32.893718,10.203409,0.98534,33.982979,120.857086,63.315768,147.204427,21.964485,152.246515,21.900206,85.356184
2021-05-23,859.123266,904.215763,231.465067,441.966308,276.5709,499.450508,866.824945,941.731395,228.457492,1.123103,164.510533,82.601253,905.533346,386.596859,456.256356,325.409294,8.671203,292.882428,71.478453,79.661448,99.002951,77.000601,797.945473,17.967679,25.123099,36.191876,61.030907,469.054103,113.366846,264.144564,45.421742,130.824285,71.497027,527.991423,24.970602,1386.546682,57.538865,0.550239,230.107518,39.913527,32.695212,10.389672,0.9369,33.732198,119.740474,64.348384,148.093856,20.998279,156.678957,20.993737,84.853819
2021-05-30,907.521114,923.517347,229.829657,461.828159,307.612889,487.756971,889.48709,987.744327,239.461953,1.631193,175.830225,88.737493,917.075442,409.328202,481.144446,328.393607,9.438041,296.690962,76.570464,87.723127,102.624418,75.710562,869.534098,18.345426,25.135205,37.172753,59.246676,501.381756,116.180743,285.507856,44.765594,130.907309,72.002105,538.570933,24.777084,1594.538111,59.244338,0.520836,230.654409,48.980309,31.868654,11.000385,0.884807,33.525265,122.772079,70.839016,154.814328,20.882481,164.986793,20.937202,101.734714
2021-06-06,858.060565,900.049396,227.006554,449.885999,287.689058,496.884265,873.790107,950.807744,238.98372,1.319901,168.257836,85.215749,908.549601,395.113245,466.384568,327.46008,9.412762,289.275488,77.342032,84.176821,101.29843,74.264026,843.236589,18.440946,24.867323,37.283446,60.11959,481.919739,115.777758,284.98682,44.47392,127.157773,72.923648,535.535371,26.036929,1503.441759,59.3083,0.539656,227.094422,44.314581,32.044881,10.396661,0.909345,32.928937,120.243697,67.118072,150.082174,20.78966,158.840658,20.982924,91.926813
2021-06-13,865.329202,950.972558,225.15132,482.720166,276.43701,511.916324,879.5878,949.208905,247.405535,1.313707,169.35216,82.957248,912.359853,384.529454,464.109918,328.954234,9.073938,290.263159,77.158061,80.930413,103.290021,75.424271,852.227314,18.020867,24.856274,37.229188,61.437598,475.020534,113.52736,281.384609,44.920054,128.465719,73.613516,543.018457,27.046977,1424.71188,58.329227,0.557355,229.853285,38.724643,31.89145,10.479161,0.899273,32.59136,118.877381,65.467743,146.992178,20.381303,156.210672,21.08516,83.535578
2021-06-20,888.530832,964.765283,222.689857,495.454321,280.999696,502.850618,881.771532,956.966735,252.675097,1.507099,177.111508,87.993323,921.315107,401.514958,471.720173,332.517219,9.914167,291.133728,76.709634,82.648069,103.120372,74.935316,858.787519,18.452644,25.59898,36.974021,61.015089,484.693485,114.516714,297.515059,44.383196,132.652359,73.5599,539.374493,26.437582,1524.103926,59.059553,0.53877,232.020349,40.907601,31.625753,10.745766,0.907467,32.618681,119.376493,66.574311,150.158863,20.283784,158.825226,21.015895,92.742758
2021-06-27,868.935211,919.795305,216.227129,464.872052,270.834983,484.593734,864.780704,930.842555,240.167864,1.296855,170.622824,82.288895,892.085932,384.128002,455.64832,327.412532,9.231273,281.736407,73.118598,80.640619,98.231082,70.623801,823.680653,17.78528,24.572947,35.52204,59.145394,470.457553,110.792586,277.242669,42.932777,126.286187,70.27315,521.70142,24.665666,1415.349301,56.337247,0.512888,220.547194,38.554527,30.330609,10.142661,0.872163,31.440959,115.025808,63.176709,143.630632,19.620049,150.847006,19.944254,86.425037
2021-07-04,949.302734,961.815797,227.227877,504.348673,321.120407,491.127148,923.269626,1011.190955,259.53275,1.971021,185.946116,96.100525,922.9721,415.970157,512.86981,338.139017,10.943648,297.387041,79.287227,90.759297,105.234622,73.97744,913.215344,19.325408,25.18485,39.491937,60.907419,533.894235,120.205693,301.547579,44.330107,131.335015,76.524554,559.946398,26.682137,1705.358138,61.644528,0.522849,231.609866,52.292515,31.611959,11.257897,0.892145,32.91424,125.502061,75.921199,158.830821,20.84269,169.451709,21.258221,110.025429
2021-07-11,861.532862,918.139431,216.978415,468.019083,282.352508,494.103026,876.309542,935.717105,241.301,1.347988,172.696349,83.113529,889.048285,386.448028,468.216358,328.73392,9.531344,281.391572,77.634639,81.1751,99.688433,70.559627,820.632232,18.559628,25.000634,37.861858,61.051404,486.437581,115.151693,286.819287,42.581271,124.402024,74.063726,529.705975,26.142781,1485.386633,57.750513,0.532599,220.537694,41.914582,30.534258,10.021375,0.894781,31.273916,116.713244,65.23881,145.602387,20.343447,151.421022,20.383554,91.062762
2021-07-18,862.364568,944.367202,223.899298,470.300861,267.466286,518.665028,890.096177,936.263252,234.475129,1.305727,171.308711,83.786226,914.120457,377.747778,468.563268,334.065965,9.033287,288.173534,78.274699,81.008934,99.14084,73.474302,804.155876,19.353266,26.132438,38.350139,63.628803,477.466551,116.07368,276.707646,44.890719,127.751532,73.433766,541.850775,26.499765,1413.896901,58.264635,0.565634,225.241934,37.007002,31.556529,9.932508,0.963505,32.383291,117.25437,62.93523,143.797606,21.423786,148.167459,21.330672,83.007934
2021-07-25,873.109628,951.483015,220.186146,482.727533,264.463481,506.443206,887.191224,933.810299,231.234371,1.316499,171.480027,82.456728,902.565536,373.536883,465.012523,333.906425,8.930729,287.429374,76.093778,82.872931,97.693569,72.999554,800.66903,19.160508,25.537486,37.379942,62.665065,479.541423,114.380569,268.10464,45.048393,125.255913,71.405272,539.071762,25.891532,1399.188121,57.866594,0.547564,224.192609,36.655682,30.87154,9.840626,0.949645,32.15787,116.312885,62.12106,143.373245,21.153365,145.217656,20.965663,82.313413
2021-08-01,874.921093,960.285139,222.849253,492.306333,262.253422,505.5938,885.136492,927.699151,227.905971,1.313499,169.837817,80.702862,894.299157,370.21362,465.732264,335.479442,8.856083,288.820684,76.208827,82.815421,98.136178,73.579717,791.253413,19.271698,25.328486,37.177876,62.957582,479.531488,115.277508,267.530989,45.688553,125.15085,71.671284,541.934855,26.149064,1395.283041,58.96467,0.555311,222.080933,36.728106,31.099552,9.799478,0.977137,31.99211,116.180294,61.075323,143.568526,21.453822,143.148631,21.101878,82.621573
2021-08-08,893.29785,949.666175,235.906,484.600843,272.113237,535.907216,918.572811,961.787049,225.46428,1.336559,171.209277,83.814479,930.955297,381.361,481.664335,340.709412,9.270759,296.010925,81.781738,88.147384,101.591729,77.677297,792.519912,20.561388,26.926032,40.280635,67.729824,492.764229,119.437313,279.114037,47.868971,127.290448,74.808074,562.181062,28.918203,1464.794585,63.067923,0.607912,227.054994,38.539561,32.400644,9.988876,1.066473,32.829551,121.948359,62.177059,146.274928,22.968815,144.009102,22.890919,84.924021
2021-08-15,905.810709,977.895722,231.363859,505.472446,271.955446,537.939262,921.879386,973.705896,226.86701,1.284277,172.66012,83.680492,928.507277,381.039967,483.55935,339.964588,9.21546,298.344209,82.295801,88.160708,105.174749,80.137394,790.04349,20.510166,26.99749,40.314511,67.975918,491.441977,118.543453,278.700163,48.299744,127.503355,74.903758,562.46838,29.670903,1455.617702,62.913398,0.611385,227.622877,38.391969,32.467231,9.93604,1.064462,33.094865,121.043666,62.597423,147.026971,23.11061,140.955786,23.001438,84.097476
2021-08-22,886.48983,942.353512,233.373624,480.686627,267.518472,535.989644,916.194319,965.39274,214.15282,1.260801,166.702884,83.921694,932.299886,378.250594,482.037746,340.47188,9.038106,300.769315,80.889489,86.457238,103.154366,80.988914,775.501615,20.446447,27.018882,40.902066,68.894026,488.684056,118.327306,266.887086,47.96123,125.38248,74.070111,559.556331,28.851812,1423.770457,62.013401,0.591487,226.134904,38.063333,32.553282,9.878852,1.078299,33.494291,121.047745,61.37264,146.347073,23.991495,138.39363,23.038126,83.642622
2021-08-29,892.711187,957.166496,230.590357,491.955027,264.192794,524.591169,912.352926,953.450339,209.988191,1.287476,164.900732,82.782454,913.715141,372.97772,473.225321,337.031123,8.843748,297.677838,78.16829,86.40069,103.404635,79.976283,762.483455,20.268802,26.490435,39.733285,67.905355,484.254434,118.822653,262.031634,47.621817,124.470693,73.956042,551.768972,28.599645,1382.98483,60.098976,0.585692,224.00504,38.424827,32.193582,9.740851,1.072326,33.32932,118.76395,60.74824,144.582543,24.183376,136.899367,22.903149,82.0705
2021-09-05,926.748792,940.494109,239.408979,473.721347,285.69662,534.365866,947.498661,986.753903,207.718318,1.68639,169.149271,89.246339,951.557381,395.340193,496.643789,340.023199,9.467084,305.436992,82.418414,91.748574,104.684197,81.346524,774.578035,21.413816,27.723799,41.301213,69.293395,510.092977,125.420493,278.631478,47.343687,128.203908,75.780905,577.184926,29.36005,1576.03089,62.834327,0.598857,225.821153,44.902972,32.959914,10.106496,1.102541,35.25883,124.196479,64.693881,151.344673,26.587819,141.64386,24.299969,94.137987
2021-09-12,884.223238,921.932915,235.229463,457.76441,275.793542,539.224798,939.170319,959.033568,203.390189,1.506039,161.331159,89.421661,952.736897,391.792457,481.834717,338.273381,9.664146,301.022129,82.748199,88.735217,101.134417,80.43637,733.795387,21.484167,27.725039,41.162608,69.997756,499.825722,125.238377,276.952565,45.391724,123.759223,73.328476,565.366855,28.68333,1486.596324,62.411732,0.61288,225.19262,43.312138,33.022898,9.715549,1.134564,39.517695,122.503963,63.191636,149.473497,27.461025,140.46725,24.793371,87.185783
2021-09-19,870.916026,920.00892,235.489171,448.216659,259.735251,538.499124,936.985227,945.4778,194.458689,1.285918,156.386522,90.015482,970.402081,388.963211,468.168815,336.252591,9.349,299.509343,79.803205,87.230868,99.768502,78.76325,705.729195,21.258048,27.872629,39.827943,69.215291,486.472189,122.223255,259.736789,44.86894,124.470132,71.661519,559.60242,28.300758,1399.092037,60.597054,0.596943,224.656241,39.613158,33.277351,9.351574,1.138668,46.985884,120.26538,59.84385,148.419662,28.107531,136.98279,24.843379,79.776701
2021-09-26,857.700247,892.188493,234.216826,430.416549,254.513188,525.779479,934.170483,939.418754,184.777951,1.317639,152.224431,92.178803,975.491693,386.166197,464.737691,335.22455,9.359762,298.616989,76.41069,85.763615,97.327642,77.346301,688.660005,21.441156,27.6256,39.560324,68.945406,483.004486,121.829962,251.771274,45.520825,124.188987,68.467412,554.278029,26.950918,1382.039846,59.703282,0.571224,222.728285,41.277298,33.19622,9.187595,1.151489,54.652531,119.637324,58.527128,150.359346,30.767066,136.24377,24.964094,79.296943
2021-10-03,872.745779,893.394974,244.573932,431.499485,258.516138,537.643656,952.1088,948.320826,183.787773,1.279338,150.889976,94.55947,1002.313455,389.209804,468.017838,337.994078,9.82363,300.434456,79.93045,89.220597,98.189066,78.524391,679.012842,22.811952,28.066802,39.925383,70.750141,487.609964,123.893079,249.144629,45.780091,125.299869,70.313184,559.694126,28.317555,1412.949567,61.887373,0.584647,222.539334,42.309088,34.101256,9.244979,1.200076,61.689215,121.367598,59.458933,149.941033,31.983145,135.78469,26.811589,78.883321
2021-10-10,880.785829,889.840234,248.22062,427.72654,269.294731,558.485258,977.624369,973.389525,185.399026,1.158639,152.65288,101.440495,1059.503732,399.179882,479.247325,341.440551,10.69974,304.051148,84.368768,93.207903,99.345789,81.302994,668.908993,23.977527,29.483674,42.033444,74.610932,496.70113,126.612533,259.749312,46.639293,127.558848,74.151192,577.221014,30.765163,1456.11874,64.628018,0.624281,224.428717,45.038319,35.447155,9.349023,1.28543,68.843802,124.268167,61.366759,152.043203,35.124073,137.231615,29.69735,79.699263
2021-10-17,869.019,877.695038,248.231255,416.787568,268.087364,554.461974,980.03942,969.822854,181.426587,1.056438,149.871298,105.036726,1091.720503,399.914191,474.920575,341.949825,11.358839,301.975161,84.174927,96.237461,97.916473,81.208894,658.265995,24.75445,29.28924,42.505355,74.676861,492.229362,125.560684,249.416276,46.732547,129.98465,72.512614,576.276991,31.235005,1445.751799,65.819263,0.633141,223.54662,47.159545,35.91813,9.05796,1.373985,72.550511,123.695541,61.340164,152.144311,35.723769,136.635613,31.5247,78.446836
2021-10-24,852.889164,857.807298,253.998905,404.258856,263.269282,543.171737,979.004634,965.625204,173.594054,0.985694,144.485845,108.109912,1143.525671,401.260024,467.010993,341.339308,11.73859,301.353197,84.336627,95.117311,96.9088,80.896771,643.694703,25.025612,29.202899,41.575943,73.672621,487.670657,124.376319,240.727059,46.882917,129.136225,71.304885,574.14252,30.269813,1416.245606,65.766293,0.587835,220.646424,47.823406,35.640327,8.942106,1.345784,80.341172,122.714921,60.403365,151.66396,36.69603,136.372552,32.308198,76.213774
2021-10-31,844.535334,831.500151,251.571422,385.859685,263.623535,531.056067,986.681873,965.984133,165.721207,0.976643,139.623216,115.025498,1384.928273,412.783613,473.054771,341.049795,12.497112,298.371944,82.671804,94.628894,97.728974,80.677103,629.565519,25.188304,29.312215,41.12834,71.737176,487.780372,123.780542,234.052558,45.29969,126.003684,68.802755,581.469076,28.640808,1388.642743,65.497502,0.610895,218.156372,48.83042,34.981352,8.84022,1.353834,79.802278,122.497777,60.911898,152.203098,39.552554,137.507525,33.750751,75.027644
2021-11-07,833.948631,821.306005,262.678187,378.415546,270.264759,549.55706,1014.619837,931.39064,164.679649,0.953108,138.588518,110.650042,1075.69627,391.193478,474.637249,346.041346,14.23308,302.21967,86.480223,102.205427,95.965949,84.891851,617.247998,26.786496,31.688964,42.051797,74.223105,492.689444,126.24114,237.388466,44.710206,130.565057,70.085619,639.969981,29.502517,1424.415071,68.431157,0.644951,221.189045,48.021265,36.121983,8.874009,1.425592,42.929745,126.538139,61.397515,152.436243,38.636609,137.867827,39.336884,79.086718
2021-11-14,860.185731,842.549045,267.080618,385.834282,281.059321,554.424642,1044.170344,953.94878,179.1357,0.895318,155.693387,127.593751,967.072337,410.053076,495.226161,354.806749,16.973082,313.208681,93.877481,114.298295,99.380525,96.493495,636.103788,28.774834,34.6877,43.735202,75.581825,502.835656,130.173763,240.202634,46.564679,139.490845,71.359324,699.617638,29.130208,1467.411899,74.271359,0.687477,224.906448,45.758002,37.489976,8.995843,1.493145,44.824094,129.643445,64.136357,155.041564,36.070882,139.587706,47.806394,83.245586
2021-11-21,900.348983,847.895896,275.851441,385.328106,305.951604,537.36388,1106.348459,968.997715,201.618499,0.887978,186.234838,170.372348,1035.388895,468.608472,565.484094,372.222096,27.515903,345.255739,109.193844,156.16868,105.794723,117.298195,654.913293,36.28714,43.326361,46.484525,74.565157,551.200373,144.525991,244.658201,47.012692,165.054708,68.326652,766.68589,27.996565,1536.862093,94.049444,0.660093,229.416759,43.989565,45.539065,9.219286,1.476869,61.851397,145.055226,73.812453,182.660372,33.328593,145.909856,65.220137,106.090918
2021-11-28,877.247937,794.498571,246.444679,354.73371,286.276721,443.559945,962.203806,864.836666,196.665669,0.78534,183.880116,173.792347,969.010789,493.529597,558.032329,367.770683,33.702802,327.40892,112.170776,156.125155,106.587219,107.196643,617.498346,35.532592,39.111631,43.36044,61.928518,533.607276,148.264301,226.746721,39.040734,153.246797,54.753658,572.92071,22.408965,1323.085181,97.951815,0.479437,210.974823,35.409416,45.840133,8.035999,1.065811,59.46047,137.210276,70.147884,177.183555,25.945071,141.229514,61.65356,102.106976
2021-12-05,811.299001,814.689775,267.708619,372.003507,241.916494,549.899354,944.123236,935.700173,155.744094,0.829835,129.194848,124.624582,1118.482414,388.886663,451.114927,360.276975,13.038341,300.607881,77.346277,96.2702,96.691645,81.051961,621.020688,25.165833,29.088655,39.116969,65.939036,485.321174,129.460087,230.560537,45.859844,135.762058,65.135993,536.058399,25.364478,1326.087186,70.407575,0.553429,223.249076,38.126386,33.283462,8.453,1.143957,36.086735,118.443011,56.123544,138.996566,30.165216,134.77061,26.461979,64.883327
2021-12-12,843.126147,832.888948,276.230399,374.307238,264.371249,579.639835,1004.564567,982.96576,164.928334,0.812839,138.249951,167.186365,1266.561426,427.224007,496.347524,368.823851,16.462705,309.341155,83.652653,116.063246,104.059657,86.754612,630.624136,29.909407,32.543365,42.90722,70.865748,502.432387,136.274788,258.698908,50.97057,153.091714,69.042745,567.619379,28.125207,1470.124988,82.160861,0.636248,224.172353,41.857547,34.810909,8.680084,1.265228,37.145221,126.048173,61.887789,143.44697,34.196513,137.973307,30.667325,72.869427
2021-12-19,896.90106,857.794871,283.237011,380.16222,280.889464,557.334351,1025.54121,1011.446497,173.17534,0.80004,147.583735,210.853858,1404.827789,456.080477,558.196555,377.524478,21.738114,318.043409,88.887905,141.436944,111.094714,92.480269,638.202023,36.234221,37.342104,45.070266,69.349322,520.888036,145.753307,282.703748,51.630491,171.530147,67.973603,571.303349,27.813317,1661.353675,95.621903,0.608113,218.049136,41.56961,36.78449,9.086077,1.219849,40.982762,133.291833,69.493053,148.833436,35.522751,140.295149,35.321517,82.937191
2021-12-26,944.375882,857.353144,285.08783,370.633676,324.498577,521.020886,1045.740256,988.585755,191.879971,0.970837,165.408071,220.208059,1379.37935,483.804841,676.018925,403.304594,29.478478,335.038538,102.063299,161.930017,120.25273,98.003077,681.988664,40.813904,47.633675,50.904271,67.666821,592.373918,172.7017,380.925214,46.62213,176.161621,64.51573,565.556733,26.792042,1910.842534,103.946379,0.559462,229.464089,42.431945,45.754683,9.776486,1.106639,52.324748,156.576216,82.992925,178.352111,37.176359,164.2701,45.082495,112.651881
2022-01-02,820.034159,794.889253,249.935148,371.943097,284.712419,552.302813,964.134202,902.348075,164.06841,1.202028,138.081206,90.279473,800.791427,351.466967,508.489627,361.653303,12.459168,296.952378,82.325588,89.81163,113.615715,75.037723,649.405298,23.805335,31.107155,42.668327,68.42866,498.69428,147.376924,337.888566,38.843754,108.459961,63.570547,558.145443,24.512021,1465.031327,63.32987,0.630295,218.380899,45.965951,43.265662,9.640984,1.11319,41.717953,138.003539,67.145984,160.015786,35.853532,154.544512,26.443321,83.364498
2022-01-09,786.863728,788.587871,270.182287,378.246868,281.984629,605.724124,1005.2429,927.813784,164.559944,0.939467,135.01589,83.552414,875.838146,359.034404,486.985717,372.308917,9.227763,320.607619,87.022147,90.304125,98.698158,85.439405,690.097556,22.946543,31.874028,47.584352,78.526946,514.343837,152.823542,268.287181,48.67879,114.717808,79.019213,622.294401,28.439182,1426.553338,67.229555,0.718704,237.589777,48.049218,40.247048,10.144541,1.414802,44.743399,139.199133,64.724618,169.645828,42.147214,159.637597,27.9516,83.44389
2022-01-16,834.653871,824.427941,282.956184,396.886618,294.371622,629.799508,1040.656821,1004.417938,178.859225,0.963836,148.474495,94.13972,968.680255,391.604013,515.235291,380.178635,9.95485,332.018777,95.821346,100.668023,102.991704,91.906948,721.770689,25.576562,34.471637,50.481372,83.987545,539.706868,156.684706,279.642776,51.628713,125.878394,82.402809,641.700381,32.161702,1520.620283,71.281805,0.785522,241.069758,51.68252,41.857444,10.293269,1.520167,45.21384,145.332364,68.004361,172.92255,45.014576,162.111422,30.532435,89.48979
2022-01-23,798.454873,785.837318,264.553183,370.789012,275.496876,580.696658,972.626304,952.378805,171.632399,0.890688,143.491755,91.816581,942.914214,383.056533,486.904988,362.018208,9.648523,310.194135,87.627087,94.119646,96.646267,85.167518,702.91719,24.567172,32.457958,46.950831,78.247237,505.2031,145.241583,260.422262,48.199557,118.825332,74.853519,597.665112,28.519781,1408.350259,65.93408,0.695228,227.273517,47.094933,38.94248,9.750277,1.356434,41.996636,135.743435,63.343401,164.199489,40.468853,152.661923,27.335868,82.585941
2022-01-30,815.08453,796.927106,269.575779,376.678176,277.134556,583.363405,982.045241,982.927825,171.73618,0.935949,146.201832,95.32496,996.086462,400.916061,496.464099,370.219632,9.500071,326.584647,87.20641,96.462987,98.245719,86.395141,730.501229,24.460355,32.88209,46.690108,77.218386,516.031028,147.060253,257.996038,50.018497,123.636694,73.956748,611.396395,27.770856,1415.098999,65.68135,0.709818,232.494405,46.165287,38.965083,9.937864,1.320786,42.178827,136.494349,64.042167,166.354835,39.027281,156.002625,26.623783,82.685097
2022-02-06,890.952076,835.632589,267.932564,397.056395,314.124701,592.378675,951.740418,1058.222179,186.807085,0.91566,154.913015,115.501414,1298.980536,404.884757,499.69027,373.485922,9.92067,324.545821,91.422207,101.036802,103.575276,89.579757,722.000272,24.615862,32.197359,44.892539,75.237378,516.885432,148.539655,273.773146,48.856121,133.90584,73.624438,626.950538,30.333385,1461.478651,67.005021,0.734733,230.670095,45.505235,37.00478,9.940733,1.24471,41.313934,134.661722,69.633675,162.100764,35.76183,154.190913,25.889158,83.818482
2022-02-13,838.263489,819.446394,255.208422,388.845368,278.440837,556.234482,989.147049,978.260261,175.685956,1.804736,141.441805,98.214255,1194.893209,451.76943,526.586703,359.452075,8.980065,330.118271,87.049071,102.515695,98.892274,83.399713,782.865961,22.491842,30.800163,43.286,71.710013,509.692793,142.468477,289.707067,45.75891,121.701692,71.024497,603.577579,28.75413,1515.840517,61.159269,0.696536,235.19222,41.207723,35.631625,11.36352,1.195237,39.394822,135.765085,62.351267,161.049359,32.046446,158.215426,24.879975,79.125832
2022-02-20,829.424119,810.32738,262.22832,397.071327,267.629453,562.058715,963.310134,968.512134,176.878303,1.163065,144.772945,92.526053,985.178392,421.478079,478.840772,353.408628,9.174651,313.224523,87.254377,93.425693,98.991428,86.503258,729.913544,24.065131,31.394063,46.003653,76.749955,490.989047,140.144651,272.917247,49.562826,123.855307,75.203121,574.42447,29.346067,1389.994483,63.263544,0.73495,225.896695,43.809378,37.126712,10.03495,1.316553,37.65784,134.366843,62.356564,151.226197,32.656692,148.379438,27.313366,76.30362
2022-02-27,836.418327,817.748372,262.301532,397.389729,268.19026,562.261581,951.501998,969.290875,177.097217,0.896705,145.354995,92.653333,989.979213,408.854347,477.10758,367.626346,9.180152,320.63218,87.431567,95.142495,99.031165,86.719983,732.323199,24.172652,31.440797,46.026423,76.923433,499.972351,146.875018,260.505731,49.643962,123.997263,75.575079,590.409127,29.44795,1379.448864,63.370528,0.734736,230.509459,43.904541,37.758367,9.726382,1.316669,39.591215,132.298796,62.415023,155.613058,32.680079,151.085792,27.399194,79.018324
2022-03-06,882.178282,864.084595,268.991075,422.242285,276.855512,567.734069,965.113137,1001.665096,184.789961,0.9815,149.780867,92.977916,1041.431488,418.579118,480.799154,365.173558,9.426582,324.364526,89.194232,96.803048,104.982313,90.559588,748.431648,24.672735,31.158513,46.134934,77.577411,503.906228,144.855064,301.904982,50.934651,128.958757,83.468797,594.23124,31.131556,1420.924647,65.443957,0.759539,237.815257,43.580689,38.359627,10.120226,1.292225,39.512858,133.419222,64.899021,157.14322,30.436606,152.288427,27.524086,80.922056
2022-03-13,866.188341,849.853611,269.527223,411.772742,286.538371,586.728783,977.368774,1019.387507,191.70351,0.897654,152.562986,97.651683,1068.214971,424.902079,490.51897,372.251881,9.99602,330.99541,94.072837,101.807561,104.28587,91.515495,746.360282,27.32974,32.700215,48.72974,81.018172,520.341982,147.484086,287.094102,53.022029,129.527885,82.834708,608.726714,32.546801,1505.323765,67.359125,0.802578,236.947413,46.71715,39.247272,10.177425,1.379465,41.54164,135.542299,66.372375,159.699095,33.452544,155.752107,29.204607,88.675964
2022-03-20,865.19932,863.787963,256.566026,419.113706,275.890102,543.031607,936.595214,994.623269,194.366711,0.883768,153.929294,94.042247,1051.032654,424.964351,471.994408,358.519172,9.767932,318.391664,88.412343,96.448517,102.187806,87.788379,732.776431,24.663472,29.757762,44.860472,74.846262,503.219863,139.327319,265.634142,48.095782,126.324827,76.059866,574.138614,29.554724,1440.252414,63.30072,0.713757,231.328469,41.443486,36.506412,10.182446,1.216018,41.06447,127.738262,63.752138,153.994087,27.746077,155.222146,25.735494,87.979333
2022-03-27,859.496156,864.955688,252.654211,421.823162,272.393131,542.770096,938.743998,998.804549,195.691007,0.897229,151.671148,91.135518,1060.791913,415.289097,467.266594,358.061182,9.390355,319.522655,84.446785,95.148984,101.698395,87.803575,740.52433,23.60429,29.50932,45.485244,73.847392,500.336592,139.42946,260.356648,48.266078,127.857622,75.767961,581.137869,28.24515,1361.071569,62.498582,0.698044,239.006086,42.088872,36.378556,10.202521,1.176795,37.896866,128.145325,63.427064,154.57771,27.363835,150.564465,25.527807,78.387981
2022-04-03,870.456532,866.551373,256.170686,422.730336,275.442653,542.991353,953.017472,1003.636435,196.018439,0.935258,154.782327,93.3326,1103.387595,420.670352,473.800283,365.187244,9.706923,323.784063,86.650311,98.066335,103.072241,89.663161,738.779383,24.172169,29.894179,46.968761,75.281634,502.988478,147.835386,262.815597,49.226733,129.93523,77.440807,586.506553,29.51117,1375.898801,63.97508,0.712076,239.392069,43.143902,37.113887,10.118145,1.205499,38.178812,130.323895,64.622405,156.42679,27.458842,153.280756,26.458926,79.981192
2022-04-10,896.24691,893.78024,259.512288,440.398975,288.433247,562.972519,972.020217,1028.224934,210.682525,0.912908,159.962943,99.514077,1213.738554,428.371751,492.521642,370.452936,11.277714,329.37483,92.466978,104.977567,108.574823,94.117008,752.266996,24.346691,31.502709,47.21387,75.871944,513.014172,162.866514,273.189106,49.457998,133.625633,77.845064,607.900719,30.110626,1474.141175,66.647081,0.758993,243.305774,44.155824,37.30716,10.354022,1.262326,39.206299,135.162601,68.001252,159.131148,27.354288,155.146935,28.382202,83.540636
2022-04-17,947.326147,911.771525,263.312923,449.988327,312.481019,550.896115,986.596866,1045.203753,225.047711,1.004769,172.217306,126.931339,1537.00121,469.836396,543.841091,381.677933,13.851712,344.828217,95.631705,124.178491,113.403769,101.825555,802.040123,26.904792,36.90333,49.484582,74.412497,546.738676,207.178362,291.457644,48.532351,138.483677,76.367236,608.98422,29.197828,1663.821662,73.81954,0.715842,259.674079,47.22452,42.233723,10.944631,1.250206,47.70101,145.535088,75.384568,170.679158,26.251397,165.601923,35.848714,107.99706
2022-04-24,872.468799,883.455649,240.465106,438.31492,265.661374,514.318484,913.507425,970.45804,201.404852,0.875787,147.564866,86.138432,1054.971038,409.971511,452.142282,356.319556,9.854666,308.21286,81.193944,91.105858,102.193814,82.878356,723.523832,20.749596,28.198713,42.674825,68.511068,484.857728,162.605202,233.804078,43.672814,122.682869,68.562847,564.113276,26.000944,1329.922701,60.246302,0.614657,228.532274,40.742471,34.641571,9.619155,1.025715,36.150093,125.040538,61.628541,148.870399,22.58763,147.414874,24.859856,84.838687
2022-05-01,893.174305,909.178878,249.425044,455.574522,274.925653,534.11197,937.508516,1018.057988,209.928201,0.904373,155.059506,83.681568,960.83602,417.032018,467.072377,366.721355,8.959383,321.081034,83.009858,90.276773,103.61708,84.845935,756.953246,20.53475,28.347381,44.373201,72.488416,501.020899,161.509827,238.644889,47.132332,126.682575,71.810688,596.647127,27.203628,1338.951958,59.874325,0.638025,235.323543,42.132649,34.917584,9.921062,1.055914,35.070847,126.740102,63.473756,153.932675,23.885687,153.631928,23.343006,83.000073
2022-05-08,929.92526,935.380955,258.997326,466.422728,295.22928,550.320663,966.968193,1041.217781,226.169055,1.02774,166.606223,93.976792,1034.639886,464.7659,495.305166,372.56929,10.230906,330.950987,87.899032,98.449654,107.144395,87.286883,803.703825,21.596985,29.723468,45.251652,75.005991,518.758834,171.626595,272.923535,49.122318,128.89322,74.749075,619.137158,30.053582,1468.586225,63.629734,0.680363,240.162714,45.362352,35.165501,10.198527,1.09781,34.756316,131.665532,67.57026,157.84629,24.578073,159.334944,25.111457,91.954814
2022-05-15,942.771518,975.204182,247.419086,498.540678,287.078011,541.478721,949.216909,1033.305808,238.744944,0.906583,166.571605,84.785283,988.692411,436.972566,475.763711,367.897884,9.586978,319.940163,85.389977,93.650022,107.597739,84.508168,803.817546,20.267061,27.959302,44.399316,71.716947,507.568731,164.50695,256.913239,47.394028,125.310466,74.030331,610.405454,29.080072,1420.695239,60.849142,0.643101,236.387841,44.462783,33.968558,10.060716,1.032907,33.190972,126.893661,65.520003,153.210382,22.57954,153.853379,23.756623,90.195647
2022-05-22,941.296491,997.791834,247.733329,510.361912,295.076412,544.883236,961.417089,1063.87964,244.73604,1.173441,169.806815,85.950329,977.644142,431.632327,482.316234,371.321761,9.892593,321.450864,85.392323,93.901246,109.008724,84.170936,845.82977,20.933029,27.744035,45.277201,72.22454,513.060709,166.573489,244.516066,49.517048,127.010817,75.61704,616.42439,29.784068,1440.334249,61.801008,0.640667,237.885742,46.388938,34.681921,10.141956,1.057416,33.905744,128.164883,67.199553,156.071965,22.952347,156.000886,23.6821,89.383121
2022-05-29,975.634416,971.321673,247.316955,495.304045,324.161097,529.38232,981.550782,1112.511467,253.904423,1.629584,179.909453,92.415663,993.868165,450.623366,509.81709,372.245554,10.468398,322.520585,85.382327,101.224102,107.991398,81.940395,889.778562,22.024207,27.532178,46.373998,70.31267,551.184146,172.258545,252.981784,49.244289,127.234328,74.869666,622.586891,28.951329,1636.191362,63.645117,0.602269,236.119505,56.170662,33.533653,10.81792,1.011265,33.507175,131.341906,72.552364,162.983154,22.821665,161.567141,23.420712,108.907673
2022-06-05,939.239726,985.128791,243.042697,510.313007,306.51338,534.374079,959.565449,1072.326955,257.243217,1.528255,174.723805,87.503065,973.038485,427.969381,495.063907,369.521888,10.596288,318.642645,85.967733,97.518478,107.103303,79.96742,869.788096,21.804334,26.51116,45.918176,70.202091,535.721171,172.311821,249.715058,46.191139,121.348267,75.909941,623.534062,29.213616,1526.270273,63.60316,0.60114,231.229196,51.300454,33.073785,10.353762,0.986558,32.649182,128.151805,69.286022,159.149718,22.165059,159.100679,22.874616,100.197925
2022-06-12,952.201949,1025.98113,250.778831,519.551334,303.368032,577.892815,979.17141,1089.033599,261.282536,1.185214,176.892131,90.177879,1010.62997,427.627991,501.256695,374.01636,10.898402,326.841793,88.78278,99.398278,108.147831,83.132516,850.239388,23.025964,28.393562,47.439221,75.837907,535.924508,172.211209,253.506528,46.591255,128.239236,77.670005,646.164819,32.326526,1484.685497,65.078973,0.672939,233.764398,46.777255,34.506084,10.132183,1.109748,33.252791,130.657108,68.463052,157.473421,23.918749,155.881849,24.987568,92.46761
2022-06-19,968.068684,1062.086883,248.193604,550.508148,312.927737,561.596464,984.754083,1094.117358,275.51681,1.376453,186.78264,95.463772,1006.337537,439.151689,511.682636,374.422733,12.053226,330.507511,89.009247,101.964339,110.37033,83.107018,852.68199,23.305006,28.000688,47.911916,74.800896,548.236776,171.783006,272.330116,46.747088,132.00569,79.025002,645.828603,31.843914,1567.580377,65.482322,0.64239,238.084619,49.084053,34.813398,10.597705,1.076664,33.5723,130.747449,70.93021,161.0302,23.111185,160.831358,24.939248,102.694579
2022-06-26,958.169303,1039.142817,237.267437,536.642541,298.101,530.476826,952.253612,1058.872119,264.816133,1.196557,179.422369,88.746605,965.50196,419.522044,493.159411,367.331578,10.964005,319.267303,85.29983,96.983454,106.512754,78.305664,824.394275,21.879603,26.473454,45.243434,70.777595,530.77345,163.48397,250.648394,45.523461,123.375075,74.450828,610.206305,29.272236,1445.236492,62.884901,0.589879,226.549777,46.515058,32.898942,10.111735,1.002115,32.268455,124.567781,67.444193,154.032838,21.646995,153.828926,23.402762,94.436541
2022-07-03,1042.191862,1048.631753,245.27663,548.676185,346.702698,532.584052,1005.620679,1132.018112,278.649373,1.856321,195.454467,102.481733,996.197245,449.629842,548.739265,376.945765,12.434682,334.90001,91.472237,109.997416,111.614047,79.875024,911.118953,23.481023,27.242989,48.390314,71.462753,596.171926,175.856713,268.970154,47.554874,127.959016,78.035266,640.625695,30.205297,1734.894453,67.391626,0.595037,233.655603,59.685308,33.567745,11.312681,0.997514,33.363225,134.784117,79.019065,167.865233,22.635767,167.900994,23.827643,121.30297
2022-07-10,964.133365,1022.509657,239.133681,531.110431,321.163336,545.852026,969.663754,1074.853498,269.551721,1.432324,184.610725,93.390807,976.077461,428.170072,515.979245,370.919817,12.063452,324.21124,94.241756,104.358152,110.543204,78.097534,859.94317,23.071022,27.296019,47.651909,72.561888,566.448036,174.561534,266.006205,46.271222,119.680872,77.316816,633.065654,30.004759,1571.202667,65.912554,0.612301,225.30979,51.397676,32.657387,10.210603,0.992883,32.263853,130.421788,72.240902,159.541845,22.386425,158.337291,23.502145,104.892982
2022-07-17,951.029954,1044.906373,244.644642,538.885948,299.107579,572.545021,979.828588,1065.676267,262.585092,1.133369,182.189928,89.450614,990.12127,410.929757,509.676755,376.018036,10.924051,329.908847,93.092161,102.817438,108.641768,81.629668,848.82554,23.47727,28.245846,47.762101,75.742643,548.012146,178.418374,256.056934,49.643991,124.544257,78.110021,640.576267,31.119665,1451.767421,64.807367,0.634555,229.342077,43.432588,33.51509,10.095869,1.07714,32.966832,129.159554,68.51762,156.102832,23.80777,151.457248,24.10268,92.834535
2022-07-24,968.944347,1063.85223,239.761921,561.792812,296.968787,561.467046,974.300007,1069.269305,264.293131,1.114925,185.415452,88.407337,978.302197,407.948779,509.180356,376.864303,10.696073,331.384498,89.796097,102.144073,108.434461,80.593096,859.858856,23.514978,27.840935,47.896586,74.634525,552.20098,182.714814,249.226372,50.151684,121.958612,75.870761,633.512568,30.230633,1435.319194,64.294012,0.618627,229.183223,42.786827,33.017016,10.212066,1.047496,32.847997,128.239706,67.522673,155.601026,23.464431,150.649326,23.423108,93.029451
2022-07-31,962.068261,1037.361281,241.159876,539.612205,292.783064,553.598549,971.762948,1059.482196,257.859709,1.075711,182.847934,88.737468,985.525019,410.070361,506.940048,375.869054,10.771017,330.458042,87.994776,103.124991,106.29193,80.330702,838.627722,23.469462,27.825349,47.143735,73.930298,546.800728,185.848698,251.26044,50.014105,122.270022,73.999769,625.836777,30.106791,1419.14473,63.880633,0.607267,224.787699,41.978134,32.722607,10.071634,1.046602,32.552622,126.812246,66.208619,153.666019,23.652251,146.796668,23.264522,95.879801
2022-08-07,1001.060522,1066.940758,253.195736,554.566049,306.324086,586.826548,1001.715726,1097.968855,258.309546,1.145884,183.658693,91.501263,1025.997886,421.453573,525.248644,384.079693,11.104332,340.003346,94.664043,109.151656,110.325344,85.099062,842.269791,24.879844,29.356875,49.127788,78.571448,563.58205,194.57894,266.14909,52.30926,125.19669,78.026778,654.383835,33.344703,1487.827311,67.712787,0.684911,230.763479,44.065933,33.930898,10.243599,1.127144,33.373291,133.178866,68.234733,157.220866,25.333097,148.006174,25.180218,99.397853
